date,weekday,trips
2025-06-01,Sunday,140189
2025-06-02,Monday,159422
2025-06-03,Tuesday,179950
2025-06-04,Wednesday,192373
2025-06-05,Thursday,187176
2025-06-06,Friday,184581
2025-06-07,Saturday,128317
2025-06-08,Sunday,150759
2025-06-09,Monday,134220
2025-06-10,Tuesday,145163
2025-06-11,Wednesday,193279
2025-06-12,Thursday,192259
2025-06-13,Friday,186499
2025-06-14,Saturday,88458
2025-06-15,Sunday,99551
2025-06-16,Monday,139944
2025-06-17,Tuesday,146565
2025-06-18,Wednesday,177879
2025-06-19,Thursday,141546
2025-06-20,Friday,178081
2025-06-21,Saturday,171861
2025-06-22,Sunday,135401
2025-06-23,Monday,155671
2025-06-24,Tuesday,164465
2025-06-25,Wednesday,170682
2025-06-26,Thursday,176229
2025-06-27,Friday,167190
2025-06-28,Saturday,162702
2025-06-29,Sunday,155087
2025-06-30,Monday,153740
2025-07-01,Tuesday,121629
2025-07-02,Wednesday,160704
2025-07-03,Thursday,144992
2025-07-04,Friday,127580
2025-07-05,Saturday,128927
2025-07-06,Sunday,131976
2025-07-07,Monday,148110
2025-07-08,Tuesday,152757
2025-07-09,Wednesday,170282
2025-07-10,Thursday,173716
2025-07-11,Friday,175912
2025-07-12,Saturday,178285
2025-07-13,Sunday,162513
2025-07-14,Monday,114203
2025-07-15,Tuesday,176500
2025-07-16,Wednesday,182367
2025-07-17,Thursday,179372
2025-07-18,Friday,179939
2025-07-19,Saturday,170319
2025-07-20,Sunday,154019
2025-07-21,Monday,166607
2025-07-22,Tuesday,182565
2025-07-23,Wednesday,186079
2025-07-24,Thursday,184475
2025-07-25,Friday,164157
2025-07-26,Saturday,177332
2025-07-27,Sunday,147170
2025-07-28,Monday,163145
2025-07-29,Tuesday,176401
2025-07-30,Wednesday,171360
2025-07-31,Thursday,134170
2025-08-01,Friday,165543
2025-08-02,Saturday,201982
2025-08-03,Sunday,164066
2025-08-04,Monday,165812
2025-08-05,Tuesday,177107
2025-08-06,Wednesday,167091
2025-08-07,Thursday,180560
2025-08-08,Friday,177838
2025-08-09,Saturday,200833
2025-08-10,Sunday,159063
2025-08-11,Monday,162771
2025-08-12,Tuesday,177985
2025-08-13,Wednesday,139506
2025-08-14,Thursday,176192
2025-08-15,Friday,174515
2025-08-16,Saturday,199863
2025-08-17,Sunday,139955
2025-08-18,Monday,155612
2025-08-19,Tuesday,174079
2025-08-20,Wednesday,92998
2025-08-21,Thursday,150247
2025-08-22,Friday,171304
2025-08-23,Saturday,175509
2025-08-24,Sunday,152582
2025-08-25,Monday,156096
2025-08-26,Tuesday,170865
2025-08-27,Wednesday,171788
2025-08-28,Thursday,168591
2025-08-29,Friday,158463
2025-08-30,Saturday,149732
2025-08-31,Sunday,143626
2025-09-01,Monday,142324
2025-09-02,Tuesday,171331
2025-09-03,Wednesday,184402
2025-09-04,Thursday,181816
2025-09-05,Friday,190566
2025-09-06,Saturday,137363
2025-09-07,Sunday,112345
2025-09-08,Monday,175878
2025-09-09,Tuesday,187604
2025-09-10,Wednesday,160327
2025-09-11,Thursday,199749
2025-09-12,Friday,199929
2025-09-13,Saturday,195178
2025-09-14,Sunday,173602
2025-09-15,Monday,176098
2025-09-16,Tuesday,185976
2025-09-17,Wednesday,169310
2025-09-18,Thursday,199311
2025-09-19,Friday,201651
2025-09-20,Saturday,190301
2025-09-21,Sunday,161411
2025-09-22,Monday,168030
2025-09-23,Tuesday,178906
2025-09-24,Wednesday,172384
2025-09-25,Thursday,148184
2025-09-26,Friday,202031
2025-09-27,Saturday,185839
2025-09-28,Sunday,166156
2025-09-29,Monday,176322
2025-09-30,Tuesday,192192
