start_station_id,end_station_id,start_lng,start_lat,end_lng,end_lat,n,reason,straight_m,osrm_distance_m
6137.04,6019.04,-73.9566,40.7423737,-73.954867,40.738095,3,detour:4.3x,497.7,2128.5
4804.02,4990.02,-73.97141,40.69985,-73.97078096866608,40.70514807698391,2,detour:4.2x,591.5,2257.8
5096.12,4903.08,-74.00108054280281,40.7075188830923,-73.99383605,40.70277159,2,detour:5.6x,807.2,4512.1
6814.01,6822.09,-73.9477213,40.7639089,-73.95818491,40.76500525,1,detour:6.0x,889.6,5346.2
5539.06,JC065,-74.00771779,40.72185379,-74.066921,40.737711,1,snap:3414m,5291.1,4433.3
6551.11,HB502,-73.97896572947502,40.75354681867074,-74.02715027332306,40.74998490907138,1,snap:510m,4078.1,4811.8
6535.04,JC014,-74.00059908628464,40.75516719072139,-74.03891444206238,40.71835519823214,1,snap:756m,5213.1,9300.7
6514.08,6599.01,-73.9485678,40.7552433,-73.9536,40.757284,1,detour:5.6x,480.8,2682.6
6432.11,JC013,-73.978326,40.750756,-74.04281705617905,40.71458403535893,1,snap:456m,6760.6,11665.0
6432.09,JC057,-73.977706,40.751873,-74.0439909,40.7443187,1,snap:1795m,5646.7,6651.2
6104.01,6019.04,-73.960697,40.740288,-73.954867,40.738095,1,detour:4.8x,548.4,2640.0
5653.12,JC013,-74.0076532959938,40.72583996792375,-74.04281705617905,40.71458403535893,1,snap:456m,3216.9,4366.2
5578.02,JC065,-74.00965965,40.72405549,-74.066921,40.737711,1,snap:3414m,5058.2,4423.8
5216.07,HB603,-74.01113051087516,40.71254669463547,-74.02819901704788,40.745983882915624,1,snap:704m,3986.5,4736.5
5388.01,5326.06,-73.96594,40.716425,-73.97628939,40.71782143,1,detour:5.3x,886.0,4671.5
6822.09,6814.01,-73.95818491,40.76500525,-73.9477213,40.7639089,1,detour:6.2x,889.6,5526.3
5096.12,4936.21,-74.00108054280281,40.7075188830923,-73.99073392152786,40.703781673548306,1,detour:4.6x,966.1,4445.8
5024.10,4903.08,-74.00559738278389,40.706410755236135,-73.99383605,40.70277159,1,detour:4.2x,1070.8,4492.4
4990.02,4843.01,-73.97078096866608,40.70514807698391,-73.97440128028393,40.699997484388504,1,detour:4.3x,649.0,2428.3
4936.21,5159.07,-73.99073392152786,40.703781673548306,-73.99161100387573,40.70991806921533,1,detour:5.5x,686.3,3775.6
4903.09,4756.04,-73.99253,40.702709,-73.997178,40.698458,1,detour:4.2x,614.0,2599.9
4903.08,4953.08,-73.99383605,40.70277159,-74.00613,40.70531,1,detour:4.3x,1074.1,4609.9
6860.12,6599.01,-73.96222069859505,40.76471851944339,-73.9536,40.757284,1,detour:5.6x,1100.3,6154.4
6599.01,6438.05,-73.9536,40.757284,-73.94821,40.75177,1,detour:4.1x,762.9,3098.4
